   Simtime [s] 	   Realtime [s]	 Percentage [%]
        1065600	      0.5000464	         41.111
        2160000	       1.001437	         83.333
