WKT,id
"POINT (481594.734000719 5577867.51276047)",
"POINT (481601.204031516 5577845.09335143)",
"POINT (481603.009621506 5577819.81509157)",
"POINT (481580.740678298 5577912.95344188)",
"POINT (481582.546268288 5577941.84288172)",
"POINT (481577.430429983 5577977.35281818)",
"POINT (481589.618162415 5577762.0362119)",
"POINT (481616.401080597 5577763.39040439)",
"POINT (481643.334464612 5577764.74459688)",
"POINT (481605.116143161 5577796.19195587)",
