   Simtime [s] 	   Realtime [s]	 Percentage [%]
          10800	       1.155854	           12.5
          14400	       2.084109	         16.667
          18000	        2.95948	         20.833
          21600	       4.088093	             25
