   Simtime [s] 	   Realtime [s]	 Percentage [%]
         185400	      0.5003045	         21.458
         387000	       1.003072	         44.792
         588600	       1.507328	         68.125
         795600	       2.008066	         92.083
